{"P_2": 3.4933679093020125, "D_39": 0.8658124406640746, "B_1": 1.6888551260214544, "B_2": 1.8203668470360224, "R_1": 1.1055541944623475, "S_3": 0.9335266119540725, "D_41": 0.6576838428526199, "B_3": 1.7392481712654084, "D_42": 0.28761764394253436, "D_43": 0.5247880064887813, "D_44": 1.9643439796169901, "B_4": 1.472550530457685, "D_45": 0.57136336180895, "B_5": 0.3447451843573738, "R_2": 0.8722029366923849, "D_46": 0.3666012054008966, "D_47": 0.5020118238332874, "D_48": 2.2933694816742434, "D_49": 0.28598695147404796, "B_6": 1.7935708013648102, "B_7": 1.9904497427405206, "B_8": 0.5291979185504893, "D_50": 0.3108546690911393, "D_51": 0.6834894463717269, "B_9": 1.854801988640994, "R_3": 0.3888147343691142, "D_52": 0.7830496819122976, "P_3": 0.738397004438689, "B_10": 1.9213011511626297, "D_53": 0.8936256186714941, "S_5": 0.22967313077563806, "B_11": 1.6143011871892268, "S_6": 0.09588404986772907, "D_54": 0.07297745547651974, "R_4": 0.6552228084178233, "S_7": 0.8683024275386997, "B_12": 0.2681162117487655, "S_8": 0.3811303471810007, "D_55": 1.692322036021969, "D_56": 0.36543816815866237, "B_13": 0.19929748667589786, "R_5": 0.6578911782785212, "D_58": 1.4457183066810517, "S_9": 0.013247205735362371, "B_14": 0.8577770056292078, "D_59": 0.29939283846297937, "D_60": 0.646485365821841, "D_61": 1.9925214898671175, "B_15": 0.0022830331715475815, "S_11": 0.05012664499221547, "D_62": 1.5657508161535756, "D_65": 0.5477948550456275, "B_16": 1.2392212197979222, "B_17": 1.2366132182121354, "B_18": 2.1909296544274577, "B_19": 1.1775761471300776, "B_20": 1.5506914602358335, "S_12": 0.06323204029295668, "R_6": 0.7173905095255604, "S_13": 0.1623350519383303, "B_21": 0.041332780811397754, "D_69": 0.025563086147894973, "B_22": 0.8314852452367656, "D_70": 0.5449981684507064, "D_71": 0.31595427993812897, "D_72": 0.39187352523742663, "S_15": 0.3067045851625494, "B_23": 1.9402889533616738, "D_73": 0.0031770562818666886, "P_4": 0.1402921167589022, "D_74": 1.508405008464885, "D_75": 2.035477627417814, "D_76": 0.17915788448576656, "B_24": 0.06723554846394522, "R_7": 0.6382907807846484, "D_77": 1.1447687972460097, "B_25": 0.8144245996864325, "B_26": 0.5308357664340475, "D_78": 0.7408700623969536, "D_79": 0.2858810543525896, "R_8": 0.2702138355259125, "R_9": 0.17418212613777995, "S_16": 0.04076985254772886, "D_80": 0.016645806511549746, "R_10": 0.4898078883906305, "R_11": 0.023815487178536765, "B_27": 0.001609947534047022, "D_81": 0.2888872327278569, "D_82": 0.017120409871522694, "S_17": 0.0029227436377513637, "R_12": 0.02718375094785506, "B_28": 0.8131866800724017, "R_13": 0.080797887831928, "D_83": 0.020014640379298662, "R_14": 0.07095882173365298, "R_15": 0.06517223643724863, "D_84": 0.6255341100782605, "R_16": 0.06709395202817738, "B_29": 1.1541041487930275e-05, "S_18": 9.788360041694888e-05, "D_86": 0.010711212185812325, "D_87": 0.01876532816598861, "R_17": 0.03674204050926206, "R_18": 0.00020858488762335922, "D_88": 0.018546342423655597, "B_31": 0.0, "S_19": 0.00033135833956867214, "R_19": 0.027047884532875065, "B_32": 0.030612291238966898, "S_20": 0.020620918599147175, "R_20": 0.07451150963953529, "R_21": 0.03742988728683407, "B_33": 1.6383409769702424, "D_89": 0.05988936923705421, "R_22": 0.0017987319488081683, "R_23": 0.0001618470649389684, "D_91": 0.15145700812256485, "D_92": 0.29756175354277503, "D_93": 0.0008195204003531446, "D_94": 0.00894045898918772, "R_24": 0.0717301635949877, "R_25": 0.0030628126302093737, "D_96": 0.010683548878751096, "S_22": 0.7648120830513208, "S_23": 0.8501342198305595, "S_24": 0.44303537432765705, "S_25": 0.8661652130929749, "S_26": 0.08519768337205996, "D_102": 0.10658072907199038, "D_103": 0.08356824488084805, "D_104": 0.0859087151456473, "D_105": 0.08627043898010774, "D_106": 0.28574953974803957, "D_107": 0.08828875185849194, "B_36": 0.0017591065039710774, "B_37": 1.6623092133126283, "R_26": 0.37911085110669884, "R_27": 0.3425440602468657, "D_108": 0.002697255700899002, "D_109": 0.0003362100110211575, "D_110": 0.015291681218868985, "D_111": 0.015291681218868985, "B_39": 0.015001913987667521, "D_112": 0.5579057074540865, "B_40": 1.3872572300883308, "S_27": 0.3437914086484252, "D_113": 0.1509090441630881, "D_115": 0.20576814788086573, "D_118": 0.18867282645272765, "D_119": 0.18561120041364754, "D_121": 0.16674339591394233, "D_122": 0.1672178303457017, "D_123": 0.01371988482430976, "D_124": 0.029723721434863033, "D_125": 0.028514756683368694, "D_127": 0.47106012672312814, "D_128": 0.18818983821801122, "D_129": 0.09991535075309968, "B_41": 0.03330138485935862, "B_42": 0.009822527011565458, "D_130": 0.24616109576348422, "D_131": 0.2859190701857173, "D_132": 0.2876626830863514, "D_133": 0.20631903265626308, "R_28": 0.0002466798121909176, "D_134": 0.09810899849786517, "D_135": 0.09810899849786517, "D_136": 0.09810899849786517, "D_137": 0.09810899849786517, "D_138": 0.09810899849786517, "D_139": 0.0794696360529045, "D_140": 0.026455892869765973, "D_141": 0.07943502484522845, "D_142": 0.08422050069132973, "D_143": 0.07946730236433594, "D_144": 0.00043069426996979903, "D_145": 0.07947899960652648}